arr_size;saxpy CUDA / Thrust;saxpy cuBLAS / Thrust;DevToDev CUDA / Thrust; DevToDev cuBLAS / Thrust;DevToHostUsual CUDA / Thrust; DevToHostPaged CUDA / Thrust;DevToHostUsual cuBLAS / Thrust; DevToHostPaged cuBLAS / Thrust
25;0.997917;0.99549;1.04097;0.992828;1.02508;0.980566;0.986269;0.972421;
24;0.996838;0.994692;1.00604;0.993388;1.0058;0.978335;1.00129;0.983879;
23;1.00338;0.993518;1.11413;0.994303;1.02233;0.960747;0.981611;0.988162;
22;1.00079;0.990344;1.01563;0.992483;0.988786;0.953134;0.986707;0.954195;
21;1.00289;0.983307;1.00601;0.972824;1.01629;0.948722;1.01283;0.94895;
20;1.00175;0.969432;1.00604;0.972366;0.913219;0.818037;0.912593;0.818487;
