arr_size;saxpy_CUDA;saxpy_Thrust;saxpy_cuBLAS;dev_to_dev_CUDA;dev_to_dev_Thrust;dev_to_dev_cuBLAS;dev_to_usual_host_CUDA;dev_to_paged_host_CUDA;dev_to_host_Thrust;dev_to_usual_host_cuBLAS;dev_to_paged_host_cuBLAS
25;8.03336;8.05013;8.01382;5.68343;5.45976;5.4206;43.349;41.4664;42.2882;41.7075;41.1219;
24;4.01704;4.02978;4.00839;2.75238;2.73584;2.71775;21.1623;20.5845;21.0403;21.0676;20.7011;
23;2.02547;2.01865;2.00556;1.52698;1.37057;1.36276;10.8819;10.2265;10.6443;10.4485;10.5183;
22;1.0141;1.0133;1.00352;0.701408;0.690617;0.685426;5.29816;5.10713;5.35825;5.28702;5.11281;
21;0.512683;0.511204;0.50267;0.352882;0.350773;0.341241;2.74615;2.56358;2.70214;2.73682;2.5642;
20;0.261006;0.260551;0.252587;0.180053;0.178972;0.174027;1.4358;1.28615;1.57225;1.43482;1.28686;
