threads_per_block;time_in_seconds;
1;2.997335e-02;
2;2.673135e-02;
4;2.502326e-02;
8;2.404116e-02;
16;2.249864e-02;
32;2.196195e-02;
64;2.187552e-02;
128;2.232435e-02;
256;2.180182e-02;
512;2.235079e-02;
1024;2.186969e-02;
