threads_per_block;time_in_seconds;
1;2.992357e-02;
2;2.764170e-02;
4;2.690388e-02;
8;2.438203e-02;
16;2.483544e-02;
32;2.494416e-02;
64;2.438617e-02;
128;2.400662e-02;
256;2.188494e-02;
512;2.235873e-02;
1024;2.243341e-02;
